INSERT INTO `flsdb`.`subject` (`id`, `name`, `hours`) VALUES ('1', 'Английский', '50');
INSERT INTO `flsdb`.`subject` (`id`, `name`, `hours`) VALUES ('2', 'Китайский', '70');
INSERT INTO `flsdb`.`subject` (`id`, `name`, `hours`) VALUES ('3', 'Испанский', '110');
INSERT INTO `flsdb`.`subject` (`id`, `name`, `hours`) VALUES ('4', 'Польский', '60');
INSERT INTO `flsdb`.`subject` (`id`, `name`, `hours`) VALUES ('5', 'Немецкий', '450');
INSERT INTO `flsdb`.`subject` (`id`, `name`, `hours`) VALUES ('6', 'Турецкий', '450');
INSERT INTO `flsdb`.`subject` (`id`, `name`, `hours`) VALUES ('7', 'Чешский', '450');

INSERT INTO `flsdb`.`teacher` (`id`, `name`, `surname`, `patronymic`) VALUES ('1', 'Харитон', 'Корнейчук', 'Богданович');
INSERT INTO `flsdb`.`teacher` (`id`, `name`, `surname`, `patronymic`) VALUES ('2', 'Прохор', 'Миронов', 'Ярославович');
INSERT INTO `flsdb`.`teacher` (`id`, `name`, `surname`, `patronymic`) VALUES ('3', 'Ждан', 'Исаков', 'Сергеевич');
INSERT INTO `flsdb`.`teacher` (`id`, `name`, `surname`, `patronymic`) VALUES ('4', 'Глеб', 'Коновалов', 'Фёдорович');
INSERT INTO `flsdb`.`teacher` (`id`, `name`, `surname`, `patronymic`) VALUES ('5', 'Степан', 'Аксёнов', 'Ярославович');
INSERT INTO `flsdb`.`teacher` (`id`, `name`, `surname`, `patronymic`) VALUES ('6', 'Харитон', 'Журавлёв', 'Григорьевич');
INSERT INTO `flsdb`.`teacher` (`id`, `name`, `surname`, `patronymic`) VALUES ('7', 'Антон', 'Ларионов', 'Брониславович');
INSERT INTO `flsdb`.`teacher` (`id`, `name`, `surname`, `patronymic`) VALUES ('8', 'Ядвига', 'Журавлёва', 'Васильевна');
INSERT INTO `flsdb`.`teacher` (`id`, `name`, `surname`, `patronymic`) VALUES ('9', 'Клавдия', 'Острожска', 'Евгеньевна');
INSERT INTO `flsdb`.`teacher` (`id`, `name`, `surname`, `patronymic`) VALUES ('10', 'Анна', 'Красильникова', 'Григорьевна');
INSERT INTO `flsdb`.`teacher` (`id`, `name`, `surname`, `patronymic`) VALUES ('11', 'Юзефа', 'Рымар', 'Виталиевна');

INSERT INTO `flsdb`.`group` (`id`, `Level`, `subjectId`) VALUES ('1', 'A', '1');
INSERT INTO `flsdb`.`group` (`id`, `Level`, `subjectId`) VALUES ('2', 'A', '2');
INSERT INTO `flsdb`.`group` (`id`, `Level`, `subjectId`) VALUES ('3', 'A', '3');
INSERT INTO `flsdb`.`group` (`id`, `Level`, `subjectId`) VALUES ('4', 'A', '4');
INSERT INTO `flsdb`.`group` (`id`, `Level`, `subjectId`) VALUES ('5', 'A', '5');
INSERT INTO `flsdb`.`group` (`id`, `Level`, `subjectId`) VALUES ('6', 'A', '6');
INSERT INTO `flsdb`.`group` (`id`, `Level`, `subjectId`) VALUES ('7', 'A', '7');
INSERT INTO `flsdb`.`group` (`id`, `Level`, `subjectId`) VALUES ('8', 'B', '7');
INSERT INTO `flsdb`.`group` (`id`, `Level`, `subjectId`) VALUES ('9', 'B', '1');
INSERT INTO `flsdb`.`group` (`id`, `Level`, `subjectId`) VALUES ('10', 'C', '1');
INSERT INTO `flsdb`.`group` (`id`, `Level`, `subjectId`) VALUES ('11', 'B', '5');


INSERT INTO `flsdb`.`student` (`id`, `name`, `surname`, `patronymic`, `groupId`, `email`, `phone`) VALUES ('1', 'Глеб', 'Скачко', 'Дмитриевич', '9', 'skachko42@gmail.com', '+375445435390');
INSERT INTO `flsdb`.`student` (`id`, `name`, `surname`, `patronymic`, `groupId`, `email`, `phone`) VALUES ('2', 'Людовик ', 'Петрик ', 'Алексеевич', '6', 'uwegewon-6317@yopmail.com', '+375446364678');
INSERT INTO `flsdb`.`student` (`id`, `name`, `surname`, `patronymic`, `groupId`, `email`, `phone`) VALUES ('3', 'Яромир ', 'Соколов ', 'Леонидович', '2', 'ulovytta-3048@yopmail.com', '+375442346468');
INSERT INTO `flsdb`.`student` (`id`, `name`, `surname`, `patronymic`, `groupId`, `email`, `phone`) VALUES ('4', 'Орест ', 'Гуляев ', 'Львович', '4', 'tissavyxudd-5580@yopmail.com', '+375296122850');
INSERT INTO `flsdb`.`student` (`id`, `name`, `surname`, `patronymic`, `groupId`, `email`) VALUES ('5', 'Люций ', 'Нестеров ', 'Васильевич', '1', 'uffezakann-3874@yopmail.com');
INSERT INTO `flsdb`.`student` (`id`, `name`, `surname`, `patronymic`, `groupId`, `email`) VALUES ('6', 'Трофим ', 'Антонов ', 'Михайлович', '1', 'uddettinnedd-2463@yopmail.com');
INSERT INTO `flsdb`.`student` (`id`, `name`, `surname`, `patronymic`, `groupId`, `email`) VALUES ('7', 'Харитон ', 'Коваленко ', 'Юхимович', '1', 'inarussoffe-8284@yopmail.com');
INSERT INTO `flsdb`.`student` (`id`, `name`, `surname`, `patronymic`, `groupId`, `email`) VALUES ('8', 'Жигер ', 'Бобылёв ', 'Александрович', '1', 'xunneromu-9901@yopmail.com');
INSERT INTO `flsdb`.`student` (`id`, `name`, `surname`, `patronymic`, `groupId`, `email`) VALUES ('9', 'Эрик ', 'Никонов ', 'Петрович', '5', 'sdhsdghf-9901@yopmail.com');
INSERT INTO `flsdb`.`student` (`id`, `name`, `surname`, `patronymic`, `groupId`, `email`) VALUES ('10', 'Герман ', 'Максимов ', 'Владимирович', '3', 'dsaggadfg-9901@yopmail.com');
INSERT INTO `flsdb`.`student` (`id`, `name`, `surname`, `patronymic`, `groupId`) VALUES ('11', 'Ефрем ', 'Субботин ', 'Максимович', '6');
INSERT INTO `flsdb`.`student` (`id`, `name`, `surname`, `patronymic`, `groupId`) VALUES ('12', 'Никита ', 'Костин ', 'Иванович', '10');
INSERT INTO `flsdb`.`student` (`id`, `name`, `surname`, `patronymic`, `groupId`) VALUES ('13', 'Максим ', 'Беспалов ', 'Евгеньевич', '11');
INSERT INTO `flsdb`.`student` (`id`, `name`, `surname`, `patronymic`, `groupId`) VALUES ('14', 'Алексей ', 'Зварыч ', 'Эдуардович', '2');
INSERT INTO `flsdb`.`student` (`id`, `name`, `surname`, `patronymic`, `groupId`) VALUES ('15', 'Трофим ', 'Шилов ', 'Алексеевич', '6');
INSERT INTO `flsdb`.`student` (`id`, `name`, `surname`, `patronymic`, `groupId`) VALUES ('16', 'Ждан ', 'Королёв ', 'Ярославович', '8');
INSERT INTO `flsdb`.`student` (`id`, `name`, `surname`, `patronymic`, `groupId`) VALUES ('17', 'Стефан ', 'Мамонтов ', 'Дмитриевич', '2');
INSERT INTO `flsdb`.`student` (`id`, `name`, `surname`, `patronymic`, `groupId`) VALUES ('18', 'Жигер ', 'Ткаченко ', 'Юхимович', '1');
INSERT INTO `flsdb`.`student` (`id`, `name`, `surname`, `patronymic`, `groupId`) VALUES ('19', 'Тимур ', 'Николаев ', 'Платонович', '1');
INSERT INTO `flsdb`.`student` (`id`, `name`, `surname`, `patronymic`, `groupId`, `email`) VALUES ('20', 'Пётр ', 'Батейко ', 'Андреевич', '1', 'asdfasdg-9901@yopmail.com');
INSERT INTO `flsdb`.`student` (`id`, `name`, `surname`, `patronymic`, `groupId`) VALUES ('21', 'Эдуард ', 'Дементьев ', 'Брониславович', '1');
INSERT INTO `flsdb`.`student` (`id`, `name`, `surname`, `patronymic`, `groupId`) VALUES ('22', 'Леопольд ', 'Щербак ', 'Григорьевич', '1');
INSERT INTO `flsdb`.`student` (`id`, `name`, `surname`, `patronymic`, `groupId`) VALUES ('23', 'Устин ', 'Федункив ', 'Юхимович', '5');
INSERT INTO `flsdb`.`student` (`id`, `name`, `surname`, `patronymic`, `groupId`) VALUES ('24', 'Ждан ', 'Воробьёв ', 'Григорьевич', '5');
INSERT INTO `flsdb`.`student` (`id`, `name`, `surname`, `patronymic`, `groupId`, `email`) VALUES ('25', 'Юлий ', 'Сысоев  ', 'Евгеньевич', '5', 'asgsdbr-9901@yopmail.com');
INSERT INTO `flsdb`.`student` (`id`, `name`, `surname`, `patronymic`, `groupId`, `email`) VALUES ('26', 'Эдуард ', 'Недбайло  ', 'Артёмович', '5', 'skachko42@gmail.com');
INSERT INTO `flsdb`.`student` (`id`, `name`, `surname`, `patronymic`, `groupId`, `email`) VALUES ('27', 'Тимур ', 'Белоусов ', 'Викторович', '5', 'asdfas@gmail.com');
INSERT INTO `flsdb`.`student` (`id`, `name`, `surname`, `patronymic`, `groupId`) VALUES ('28', 'Зураб ', 'Ермаков ', 'Леонидович', '7');
INSERT INTO `flsdb`.`student` (`id`, `name`, `surname`, `patronymic`, `groupId`, `email`) VALUES ('29', 'Юрий ', 'Исаев ', 'Брониславович', '7', 'sdsd@gmail.com');
INSERT INTO `flsdb`.`student` (`id`, `name`, `surname`, `patronymic`, `groupId`) VALUES ('30', 'Никодим ', 'Мартынов ', 'Дмитриевич', '7');
INSERT INTO `flsdb`.`student` (`id`, `name`, `surname`, `patronymic`, `groupId`) VALUES ('31', 'Милан ', 'Авдеев ', 'Юхимович', '8');
INSERT INTO `flsdb`.`student` (`id`, `name`, `surname`, `patronymic`, `groupId`) VALUES ('32', 'Ленар ', 'Трублаевский ', 'Михайлович', '8');
INSERT INTO `flsdb`.`student` (`id`, `name`, `surname`, `patronymic`, `groupId`) VALUES ('33', 'Ростислав ', 'Фомичёв ', 'Анатолиевич', '8');
INSERT INTO `flsdb`.`student` (`id`, `name`, `surname`, `patronymic`, `groupId`) VALUES ('34', 'Эдуард ', 'Ситников ', 'Александрович', '8');
INSERT INTO `flsdb`.`student` (`id`, `name`, `surname`, `patronymic`, `groupId`) VALUES ('35', 'Харитон ', 'Беспалов ', 'Романович', '8');
INSERT INTO `flsdb`.`student` (`id`, `name`, `surname`, `patronymic`, `groupId`) VALUES ('36', 'Эдуард ', 'Самсонов ', 'Юхимович', '8');
INSERT INTO `flsdb`.`student` (`id`, `name`, `surname`, `patronymic`, `groupId`) VALUES ('37', 'Камиль ', 'Иванив ', 'Петрович', '8');
INSERT INTO `flsdb`.`student` (`id`, `name`, `surname`, `patronymic`, `groupId`) VALUES ('38', 'Семён ', 'Савельев ', 'Эдуардович', '1');
INSERT INTO `flsdb`.`student` (`id`, `name`, `surname`, `patronymic`, `groupId`) VALUES ('39', 'Дан ', 'Лаврентьев ', 'Иванович', '1');
INSERT INTO `flsdb`.`student` (`id`, `name`, `surname`, `patronymic`, `groupId`) VALUES ('40', 'Борис ', 'Цушко ', 'Андреевич', '1');
INSERT INTO `flsdb`.`student` (`id`, `name`, `surname`, `patronymic`, `groupId`) VALUES ('41', 'Людвиг ', 'Меркушев ', 'Станиславович', '1');
INSERT INTO `flsdb`.`student` (`id`, `name`, `surname`, `patronymic`, `groupId`) VALUES ('42', 'Зенон ', 'Лазарев ', 'Максимович', '1');
INSERT INTO `flsdb`.`student` (`id`, `name`, `surname`, `patronymic`, `groupId`, `email`) VALUES ('43', 'Зигмунд ', 'Ерёменко ', 'Иванович', '2', 'ytyyy55@gmail.com');
INSERT INTO `flsdb`.`student` (`id`, `name`, `surname`, `patronymic`, `groupId`, `email`) VALUES ('44', 'Милан ', 'Никифоров ', 'Романович', '2', 'hggg55@gmail.com');
INSERT INTO `flsdb`.`student` (`id`, `name`, `surname`, `patronymic`, `groupId`) VALUES ('45', 'Виль ', 'Мишин ', 'Андреевич', '3');
INSERT INTO `flsdb`.`student` (`id`, `name`, `surname`, `patronymic`, `groupId`) VALUES ('46', 'Феликс ', 'Колесник ', 'Викторович', '3');
INSERT INTO `flsdb`.`student` (`id`, `name`, `surname`, `patronymic`, `groupId`) VALUES ('47', 'Харитон ', 'Червоний ', 'Платонович', '3');
INSERT INTO `flsdb`.`student` (`id`, `name`, `surname`, `patronymic`, `groupId`) VALUES ('48', 'Эрик ', 'Гайчук ', 'Львович', '4');
INSERT INTO `flsdb`.`student` (`id`, `name`, `surname`, `patronymic`, `groupId`, `email`) VALUES ('49', 'Феликс  ', 'Кириленко ', 'Богданович', '4', 'huuloo78@gmail.com');
INSERT INTO `flsdb`.`student` (`id`, `name`, `surname`, `patronymic`, `groupId`, `email`) VALUES ('50', 'Людовик ', 'Пахомов ', 'Григорьевич', '4', 'gren112@gmail.com');
INSERT INTO `flsdb`.`student` (`id`, `name`, `surname`, `patronymic`, `groupId`) VALUES ('51', 'Всеволод ', 'Ершов ', 'Андреевич', '4');
INSERT INTO `flsdb`.`student` (`id`, `name`, `surname`, `patronymic`, `groupId`) VALUES ('52', 'Фёдор ', 'Кабанов ', 'Станиславович', '4');
INSERT INTO `flsdb`.`student` (`id`, `name`, `surname`, `patronymic`, `groupId`) VALUES ('53', 'Жерар ', 'Денисов ', 'Романович', '4');
INSERT INTO `flsdb`.`student` (`id`, `name`, `surname`, `patronymic`, `groupId`, `email`) VALUES ('54', 'Геннадий ', 'Многогрешный ', 'Валерьевич', '4', 'lalo42@gmail.com');
INSERT INTO `flsdb`.`student` (`id`, `name`, `surname`, `patronymic`, `groupId`) VALUES ('55', 'Жигер', 'Негода ', 'Александрович', '6');
INSERT INTO `flsdb`.`student` (`id`, `name`, `surname`, `patronymic`, `groupId`) VALUES ('56', 'Люций ', 'Токар ', 'Андреевич', '6');
INSERT INTO `flsdb`.`student` (`id`, `name`, `surname`, `patronymic`, `groupId`, `email`) VALUES ('57', 'Евсей ', 'Родионов ', 'Платонович', '6', 'firlf42@gmail.com');
INSERT INTO `flsdb`.`student` (`id`, `name`, `surname`, `patronymic`, `groupId`) VALUES ('58', 'Стефан ', 'Кириленко ', 'Ярославович', '6');
INSERT INTO `flsdb`.`student` (`id`, `name`, `surname`, `patronymic`, `groupId`) VALUES ('59', 'Святослав ', 'Александров ', 'Владимирович', '6');
INSERT INTO `flsdb`.`student` (`id`, `name`, `surname`, `patronymic`, `groupId`) VALUES ('60', 'Прохор ', 'Чухрай ', 'Юхимович', '11');
INSERT INTO `flsdb`.`student` (`id`, `name`, `surname`, `patronymic`, `groupId`) VALUES ('61', 'Василий ', 'Крюков ', 'Виталиевич', '11');
INSERT INTO `flsdb`.`student` (`id`, `name`, `surname`, `patronymic`, `groupId`) VALUES ('62', 'Илья ', 'Абрамов ', 'Борисович', '10');
INSERT INTO `flsdb`.`student` (`id`, `name`, `surname`, `patronymic`, `groupId`) VALUES ('63', 'Спартак ', 'Мишин ', 'Дмитриевич', '10');
INSERT INTO `flsdb`.`student` (`id`, `name`, `surname`, `patronymic`, `groupId`, `email`) VALUES ('64', 'Адам ', 'Рымар ', 'Александрович', '10', 'rost44@gmail.com');
INSERT INTO `flsdb`.`student` (`id`, `name`, `surname`, `patronymic`, `groupId`) VALUES ('65', 'Болеслав ', 'Притула ', 'Дмитриевич', '10');
INSERT INTO `flsdb`.`student` (`id`, `name`, `surname`, `patronymic`, `groupId`, `email`) VALUES ('66', 'Гордей ', 'Желиба', 'Ярославович', '10', 'dva2@gmail.com');
INSERT INTO `flsdb`.`student` (`id`, `name`, `surname`, `patronymic`, `groupId`, `email`) VALUES ('67', 'Борис ', 'Андрусейко ', 'Вадимович', '10', 'trie4@gmail.com');
INSERT INTO `flsdb`.`student` (`id`, `name`, `surname`, `patronymic`, `groupId`) VALUES ('68', 'Платон ', 'Ширяев ', 'Данилович', '10');
INSERT INTO `flsdb`.`student` (`id`, `name`, `surname`, `patronymic`, `groupId`) VALUES ('69', 'Ждан ', 'Сердюк ', 'Андреевич', '11');
INSERT INTO `flsdb`.`student` (`id`, `name`, `surname`, `patronymic`, `groupId`) VALUES ('70', 'Валериан ', 'Шубин ', 'Иванович', '11');
